id,content,user_id,post_id
1,伝説のインドア系ご馳走マンガ、復活移籍新連載!!,1,1
2,伝説のインドア系ご馳走マンガ、復活移籍新連載!!,2,2
3,伝説のインドア系ご馳走マンガ、復活移籍新連載!!,3,3
4,伝説のインドア系ご馳走マンガ、復活移籍新連載!!,4,4
5,伝説のインドア系ご馳走マンガ、復活移籍新連載!!,5,5
6,伝説のインドア系ご馳走マンガ、復活移籍新連載!!,6,6
7,闘気を込めた剣閃により、自分の前面に衝撃波を発生させる技。,1,7
8,闘気を込めた剣閃により、自分の前面に衝撃波を発生させる技。,2,8
9,闘気を込めた剣閃により、自分の前面に衝撃波を発生させる技。,3,9
10,闘気を込めた剣閃により、自分の前面に衝撃波を発生させる技。,4,10
11,闘気を込めた剣閃により、自分の前面に衝撃波を発生させる技。,5,11
12,闘気を込めた剣閃により、自分の前面に衝撃波を発生させる技。,6,12
13,西・東日本は、これまでの記録的な大雨で、土砂災害や洪水の危険度が高い状態が続いている。,1,13
14,西・東日本は、これまでの記録的な大雨で、土砂災害や洪水の危険度が高い状態が続いている。,2,14
15,西・東日本は、これまでの記録的な大雨で、土砂災害や洪水の危険度が高い状態が続いている。,3,15
16,西・東日本は、これまでの記録的な大雨で、土砂災害や洪水の危険度が高い状態が続いている。,4,16
17,西・東日本は、これまでの記録的な大雨で、土砂災害や洪水の危険度が高い状態が続いている。,5,17
18,西・東日本は、これまでの記録的な大雨で、土砂災害や洪水の危険度が高い状態が続いている。,6,18
19,新型コロナウイルスについて、東京都では８日、新たに７５人の感染が確認されました。,1,19
20,新型コロナウイルスについて、東京都では８日、新たに７５人の感染が確認されました。,2,1
21,新型コロナウイルスについて、東京都では８日、新たに７５人の感染が確認されました。,3,2
22,新型コロナウイルスについて、東京都では８日、新たに７５人の感染が確認されました。,4,3
23,新型コロナウイルスについて、東京都では８日、新たに７５人の感染が確認されました。,5,4
24,新型コロナウイルスについて、東京都では８日、新たに７５人の感染が確認されました。,6,5
25,同局によると男性は１日に発熱があり、内科でへんとう炎の診断を受けて帰宅。,1,6
26,同局によると男性は１日に発熱があり、内科でへんとう炎の診断を受けて帰宅。,2,7
27,同局によると男性は１日に発熱があり、内科でへんとう炎の診断を受けて帰宅。,3,8
28,同局によると男性は１日に発熱があり、内科でへんとう炎の診断を受けて帰宅。,4,9
29,同局によると男性は１日に発熱があり、内科でへんとう炎の診断を受けて帰宅。,5,10
30,同局によると男性は１日に発熱があり、内科でへんとう炎の診断を受けて帰宅。,6,11
31,ティックトックの広報担当者はロイターの取材で「最近の出来事を踏まえ、香港での運営を停止することを決定した」と述べた。,1,12
32,ティックトックの広報担当者はロイターの取材で「最近の出来事を踏まえ、香港での運営を停止することを決定した」と述べた。,2,13
33,ティックトックの広報担当者はロイターの取材で「最近の出来事を踏まえ、香港での運営を停止することを決定した」と述べた。,3,14
34,ティックトックの広報担当者はロイターの取材で「最近の出来事を踏まえ、香港での運営を停止することを決定した」と述べた。,4,15
35,ティックトックの広報担当者はロイターの取材で「最近の出来事を踏まえ、香港での運営を停止することを決定した」と述べた。,5,16
36,ティックトックの広報担当者はロイターの取材で「最近の出来事を踏まえ、香港での運営を停止することを決定した」と述べた。,6,17
37,LINEは、小説プラットフォーム「LINEノベル」を2020年8月末をもって終了する。,1,18
38,LINEは、小説プラットフォーム「LINEノベル」を2020年8月末をもって終了する。,2,19
39,綺麗なシルエットが引き立つモノトーンカラーオフィスでもプレイベートシーンでもお部屋にスッと浴け込むようなモダンクールな雰囲気が魅力です。,3,1
40,綺麗なシルエットが引き立つモノトーンカラーオフィスでもプレイベートシーンでもお部屋にスッと浴け込むようなモダンクールな雰囲気が魅力です。,4,7
41,綺麗なシルエットが引き立つモノトーンカラーオフィスでもプレイベートシーンでもお部屋にスッと浴け込むようなモダンクールな雰囲気が魅力です。,5,5
42,綺麗なシルエットが引き立つモノトーンカラーオフィスでもプレイベートシーンでもお部屋にスッと浴け込むようなモダンクールな雰囲気が魅力です。,6,4
43,綺麗なシルエットが引き立つモノトーンカラーオフィスでもプレイベートシーンでもお部屋にスッと浴け込むようなモダンクールな雰囲気が魅力です。,1,12
44,綺麗なシルエットが引き立つモノトーンカラーオフィスでもプレイベートシーンでもお部屋にスッと浴け込むようなモダンクールな雰囲気が魅力です。,2,19
45,綺麗なシルエットが引き立つモノトーンカラーオフィスでもプレイベートシーンでもお部屋にスッと浴け込むようなモダンクールな雰囲気が魅力です。,3,15
46,こちらの記事を参考にAWSにアプリをデプロイしていたのでunicoronの設定を同じものにしています。,4,1
47,こちらの記事を参考にAWSにアプリをデプロイしていたのでunicoronの設定を同じものにしています。,5,5
48,こちらの記事を参考にAWSにアプリをデプロイしていたのでunicoronの設定を同じものにしています。,6,19
49,こちらの記事を参考にAWSにアプリをデプロイしていたのでunicoronの設定を同じものにしています。,1,12